HAUL,MONTH,FLIGHTS,TIER1_RATE,TIER2_RATE,TIER3_RATE
LONG,2025-04,568,0.002307036766496226,0.028341855368882396,0.10751156561967373
LONG,2025-05,592,0.002090802174888784,0.027396326324222058,0.10403445278366447
LONG,2025-06,597,0.002037092294626667,0.027451970528152042,0.10490164574104253
LONG,2025-07,569,0.0018165249455344265,0.027875510709048226,0.10593176866766042
LONG,2025-08,574,0.0020792144655637614,0.026699277082369344,0.10330571062863186
LONG,2025-09,574,0.0017434679054153886,0.02666619386181096,0.10194854701157781
LONG,2025-10,551,0.00211721560942413,0.02748599550091683,0.10549530872910352
SHORT,2025-04,868,0.0032578084997439837,0.04359959037378392,0.16721710189452124
SHORT,2025-05,896,0.0035590277777777777,0.04526909722222222,0.17272445436507936
SHORT,2025-06,886,0.003310759969902182,0.042682468021068475,0.16452846751943817
SHORT,2025-07,820,0.0035501355013550138,0.04233739837398374,0.16373983739837397
SHORT,2025-08,855,0.003443794671864847,0.044717348927875246,0.17053931124106564
SHORT,2025-09,856,0.0033618899273104882,0.04459371754932503,0.17015835929387332
SHORT,2025-10,794,0.0035964175762664427,0.04477329974811083,0.17051497341169886
