Haul,Tier,Time of day,Flights,Rate %,CI low %,CI high %,Diff vs haul rate (pp),Diff CI low (pp),Diff CI high (pp),Diff in pax per average flight
LONG,Tier 1,Morning,1461,0.2053623966448098,0.18706490484208005,0.22314044373523156,0.0027348796577277186,-0.011966394725006012,0.017462684073095636,0.007980881651422581
LONG,Tier 1,Lunchtime,435,0.1768409700084059,0.14999868053175022,0.20494548846585192,-0.025786546978676172,-0.051316305289539926,0.0008597226217469501,-0.07524988496446383
LONG,Tier 1,Afternoon,939,0.19837225554714344,0.17770972356024203,0.21929912069561486,-0.004255261439938636,-0.022209289738882847,0.01426491208786009,-0.012417635215521201
LONG,Tier 1,Evening,1190,0.21200110609272743,0.19199590940942557,0.23089357907214145,0.009373589105645362,-0.006734669729983089,0.025366566243087946,0.027353856353363397
LONG,Tier 2,Morning,1461,2.789037023839386,2.679781040962804,2.8928309865822706,0.04777618688557583,-0.02869352376424476,0.1287578801404008,0.13941969702858117
LONG,Tier 2,Lunchtime,435,2.7105041950167323,2.548348649445717,2.8728617355135344,-0.030756641937077986,-0.17904276679542858,0.12259524178901779,-0.08975353580966895
LONG,Tier 2,Afternoon,939,2.765564032380176,2.649800777106195,2.8825622021069974,0.02430319542636554,-0.07609090197023864,0.12687089507029758,0.07092119241925651
LONG,Tier 2,Evening,1190,2.674497649552954,2.5586109195271334,2.7959898711023956,-0.06676318740085618,-0.1648415391392773,0.03580132100295129,-0.19482725530990372
LONG,Tier 3,Morning,1461,10.632895961440632,10.327447511171153,10.958886756687725,0.1618210394905381,-0.07947009881037626,0.4124828867022457,0.4722235441822655
LONG,Tier 3,Lunchtime,435,10.383657673946487,9.871128472792114,10.892334689207164,-0.0874172480036059,-0.5536894580184021,0.3916675088065283,-0.2550996014170121
LONG,Tier 3,Afternoon,939,10.521373245588492,10.145638717617917,10.91665240281287,0.050298323638398035,-0.2765098412441133,0.36360004752290603,0.14677975577050817
LONG,Tier 3,Evening,1190,10.264194856668817,9.912101595932878,10.620780370321555,-0.20688006528127578,-0.5223821196860932,0.10660173729898906,-0.6037140655835102
SHORT,Tier 1,Morning,2069,0.33993877879813117,0.3154376436440006,0.364679678620642,-0.003808315576578304,-0.025146945503763646,0.016811759320179854,-0.006854968037840947
SHORT,Tier 1,Lunchtime,757,0.3940995156318803,0.3469465266664795,0.4457464893012748,0.05035242125717081,0.006709864949331483,0.09827518334796932,0.09063435826290744
SHORT,Tier 1,Afternoon,1366,0.3416300634455832,0.312027502611416,0.3711994083993127,-0.002117030929126235,-0.028494948045395287,0.022891567685001203,-0.003810655672427223
SHORT,Tier 1,Evening,1783,0.328410294759145,0.3052640793199098,0.35331241962319304,-0.015336799615564426,-0.03678237814424798,0.007335790928582651,-0.027606239308015965
SHORT,Tier 2,Morning,2069,4.357982922506847,4.235802456107567,4.4821356244051636,-0.041924097483855144,-0.14287848843970402,0.06372187692345731,-0.07546337547093926
SHORT,Tier 2,Lunchtime,757,4.548656979304271,4.356883040678673,4.7509473424575965,0.14874995931356896,-0.024026977136964722,0.3396069238292441,0.2677499267644241
SHORT,Tier 2,Afternoon,1366,4.313486253456971,4.156964914435438,4.463042822949285,-0.08642076653373118,-0.2211396545512061,0.05277663670875283,-0.15555737976071612
SHORT,Tier 2,Evening,1783,4.451610893001807,4.314856999908468,4.592994366315212,0.05170387301110524,-0.0600771822160987,0.16571586948856884,0.09306697141998943
SHORT,Tier 3,Morning,2069,16.742924654959452,16.368203793203236,17.10961921702324,-0.10728455006146775,-0.44428439043298024,0.20572588429374608,-0.19311219011064196
SHORT,Tier 3,Lunchtime,757,17.275062380742696,16.677223356599434,17.87849397607952,0.42485317572177606,-0.1306311026368169,0.9851735965132005,0.7647357162991969
SHORT,Tier 3,Afternoon,1366,16.587359687652516,16.162042209775162,17.058846127877406,-0.26284951736840756,-0.6628635836564285,0.1666592754744035,-0.4731291312631336
SHORT,Tier 3,Evening,1783,16.995700130865583,16.575527299518992,17.41718728541865,0.14549092584466017,-0.20477976303255918,0.4909167532232386,0.2618836665203883
